,word,freq
8,—,80
149,bilan,50
55,edi,42
153,bir,37
163,ham,36
34,deb,33
541,kimsanboy,31
300,domla,29
9,u,29
86,bu,23
12,shu,19
102,boʻlib,18
409,keyin,17
138,uning,17
299,olimjon,16
30,olib,14
135,juda,13
50,mahbuslar,12
213,uchun,12
458,kerak,11
83,oʻsha,11
335,unga,11
372,ketdi,10
1284,yana,10
421,qilib,10
276,borib,10
28,yangi,10
250,bor,9
305,odam,9
357,kelib,9
353,qolgan,9
232,degan,9
145,uni,8
33,ularni,8
462,lak,8
384,boʻlgan,8
172,barak,8
39,va,8
43,koʻp,8
134,menga,7
388,raqam,7
751,shunday,7
763,nima,7
884,stalin,7
717,qoldi,7
1440,stalinning,7
419,yozib,7
180,ular,6
302,qarab,6
1095,gaplarni,6
1469,boshi,6
294,oʻn,6
761,ozod,6
548,suvrati,6
103,ketgan,6
105,birovga,6
234,boʻlsa,6
925,kuni,6
1470,tomonga,6
656,domlaning,6
92,har,6
1106,endi,6
461,qora,6
2069,sanitar,6
859,boʻldi,6
803,ekan,6
336,koʻz,6
11,emas,6
662,toʻgʻrisida,5
610,bitta,5
345,yosh,5
764,boʻladi,5
760,kofirlar,5
223,yozilgan,5
281,yoʻq,5
376,edim,5
453,bilib,5
1069,imzo,5
744,marta,5
585,otasi,5
945,chiqib,5
1308,koʻzi,5
445,agar,5
1083,mansurov,5
978,xalq,5
552,pioner,5
66,yo,5
82,oʻtib,5
195,xuddi,5
861,ikki,5
968,dedi,5
170,yangilar,5
902,bunaqa,5
972,pavlik,5
640,oʻtgan,5
319,xam,5
444,qoʻyilgan,4
389,yozish,4
966,oʻqib,4
1033,kimsanboyning,4
674,buyuk,4
136,tanish,4
724,javob,4
1644,suvratini,4
370,boshini,4
1702,qolgandi,4
1569,yolgʻon,4
600,hatto,4
142,koʻzlari,4
373,men,4
374,lagerda,4
2074,shtokman,4
708,orasida,4
1018,seni,4
706,fuzuliy,4
171,yalangʻoch,4
159,boshqa,4
480,berib,4
691,albatta,4
160,mahbuslarga,4
956,qoʻydi,4
206,turgan,4
396,ruda,4
1050,ish,4
321,ammo,4
1063,deya,4
522,qilish,4
71,ularning,4
45,beri,4
57,kelgan,4
476,ustiga,4
106,oʻz,4
356,nazoratchi,4
1064,turib,4
306,hech,4
1498,oʻng,4
93,biri,4
1583,ertalab,4
272,kim,4
540,oʻtdi,4
117,lager,4
270,oftobda,4
1804,dedim,4
802,qilgan,4
1818,sizni,4
510,yerga,4
468,qotib,3
469,qoladi,3
1264,ma’lumot,3
1266,uch,3
1508,oldida,3
574,bolalari,3
1203,birdan,3
1198,eshitib,3
1273,kimsanboyni,3
1514,kelgandan,3
216,yaxshi,3
1916,boshladi,3
1098,ma’lumotlarni,3
192,esa,3
484,yoniga,3
2024,ayting,3
1952,sizga,3
1504,yoqqa,3
2085,pichoq,3
1038,tirik,3
1056,soʻz,3
439,olingan,3
438,qiyib,3
241,shisha,3
352,toʻplanib,3
435,keladigan,3
1117,qoʻygan,3
282,soqchilar,3
284,ularga,3
285,yaqin,3
287,mendan,3
525,ulugʻ,3
228,birida,3
1135,tashkiloti,3
575,undan,3
1211,aytib,3
625,mirzo,3
1136,qoʻl,3
333,turardi,3
427,chap,3
1401,keldi,3
832,yoshga,3
1291,ordeni,3
99,lagerlarida,3
1796,oldimga,3
79,oradan,3
699,gap,3
701,fuzuliyning,3
1294,olimjonov,3
1738,qoʻli,3
881,faol,3
58,mahbuslarning,3
1705,uzoq,3
29,mahbuslarni,3
920,xil,3
813,ozib,3
151,barakda,3
68,boʻlardi,3
148,sim,3
1313,yubordi,3
1847,kaysi,3
1746,toʻgʻrilab,3
1315,qaytib,3
1384,urib,3
890,viloyat,3
1305,dohiy,3
929,paytida,3
1902,lakni,3
89,kelganlar,3
1399,hukm,3
735,taqib,3
860,bola,3
95,besh,3
756,tuyaning,3
795,qilinadi,3
13,dunyoning,3
14,oʻzida,3
1434,yolqinov,3
1370,koʻli,3
794,yotgan,3
1289,«hurmat,3
166,beradilar,3
1290,belgisi»,3
1743,burilib,2
488,etib,2
489,yettinchi,2
1741,chapga,2
479,boya,2
789,odamlar,2
481,roʻyxatga,2
2048,baribir,2
1685,qoʻlini,2
1819,ishga,2
1097,toʻplangan,2
773,koʻtarib,2
1735,chiqarib,2
1736,olishgan,2
1737,shundan,2
1090,beraman,2
1091,uyga,2
1824,seksot,2
2033,qildimmi,2
2034,bilmadim,2
1602,otilib,2
499,yolqinov»,2
498,«kimsanboy,2
497,raqami,2
1739,goh,2
898,chaqirib,2
2038,bilmayman,2
1740,oʻngga,2
496,«yeye3781»,2
1114,boʻl,2
475,bankani,2
1143,boshqatdan,2
436,joyidan,2
820,qadar,2
824,oʻqishdi,2
826,yetib,2
1758,isib,2
870,yozgan,2
868,oʻtirib,2
1783,tuproqqa,2
1778,terdan,2
440,ustidan,2
411,bosh,2
1145,kerakli,2
847,boʻlsang,2
851,oʻgʻil,2
406,ilib,2
405,joyiga,2
403,lagerning,2
1559,kulgidan,2
883,lenin,2
2070,yugurib,2
474,solingan,2
456,raqamini,2
1107,oʻylab,2
1814,joyga,2
467,toshdek,2
1111,chekdi,2
893,tantanali,2
798,tuya,2
799,ignaning,2
800,teshigidan,2
804,ana,2
814,ipdek,2
1745,sogʻ,2
889,qiladi,2
1119,xar,2
888,deklamatsiya,2
887,mahorat,2
1121,dushanba,2
448,tashlab,2
446,mahbus,2
1086,otam,2
520,vatanga,2
1606,koʻzni,2
608,kitob,2
957,moskvada,2
1946,olgani,2
1950,aytdim,2
615,terib,2
702,gʻazaliga,2
953,portfelidan,2
613,noyob,2
1015,aytgan,2
705,birovi,2
1019,butunittifoq,2
771,nega,2
709,navoiy,2
604,boʻyicha,2
951,tikilib,2
1022,nomli,2
601,uyiga,2
711,mashhur,2
1961,oʻrnidan,2
1026,slyotida,2
1028,yerda,2
1001,joyida,2
1000,hamma,2
1667,«seksotlar»,2
1668,«stukachlar»,2
667,qoyil,2
663,suhbatlar,2
976,bilmasdi,2
660,oʻzbek,2
970,qara,2
1917,ajab,2
1897,kallasini,2
965,yaxshilab,2
687,magʻzini,2
1919,boʻlmas,2
654,qilardi,2
1920,darajada,2
652,otguncha,2
651,tong,2
1675,zoʻravonlarning,2
1890,mening,2
643,tomonidan,2
995,fosh,2
637,yassaviy,2
1876,ming,2
591,tarix,2
1030,dohiymiz,2
924,she’r,2
746,xoʻsh,2
1066,qogʻoz,2
1068,bunga,2
1070,chekib,2
752,yozadi,2
1723,orqa,2
529,sodiq,2
755,koʻpki,2
1074,chek,2
757,ortsam,2
917,xonada,2
979,dushmanlari,2
1079,oʻgʻli,2
1080,gpu,2
915,boʻlsin,2
1081,xodimi,2
913,ishlari,2
1837,kuygan,2
1836,ogʻzi,2
1720,tirsagidan,2
740,topdi,2
1031,stalinni,2
1718,lagerida,2
587,rayon,2
584,qilishardi,2
946,gapni,2
583,qasamyod,2
579,etgan,2
940,xoli,2
939,sizlarni,2
937,sen,2
568,olimjonovga,2
566,«pioner,2
565,tagiga,2
563,qoʻyilardi,2
1989,koʻkragingizdagi,2
1711,lagerga,2
934,notanish,2
1058,bundan,2
1620,buni,2
544,chiqqan,2
542,bizning,2
2100,eshik,2
1377,gaplar,2
395,qancha,2
127,raqamlarni,2
1325,bosilgan,2
2170,fashistlarning,2
100,yashab,2
2171,kontslagerida,2
2173,terisini,2
1217,niqoblangan,2
107,kiyimini,2
268,yechinmay,2
112,yechib,2
113,oladigan,2
1492,qoʻshib,2
1314,moskvadan,2
120,sanab,2
121,yuvilaverib,2
1230,mukofotladi,2
1430,kiraman,2
124,kulrang,2
1214,nihoyatda,2
1212,qoʻya,2
295,yildan,2
1200,qandoq,2
1340,ichida,2
73,kiyimlarni,2
1519,hayot,2
326,ichi,2
1411,frontga,2
1517,oʻzgarib,2
1197,sizdan,2
78,olardilar,2
1506,ketaveradi,2
1334,birov,2
312,koʻpchilik,2
311,quvonchini,2
308,na,2
81,hafta,2
1413,kuzatish,2
303,turibdi,2
1309,tushdi,2
1234,hali,2
1343,ekan»,2
256,suvratlari,2
2212,ichkariga,2
225,turli,2
224,soʻzlar,2
222,sanchib,2
221,igna,2
1287,yetti,2
220,badanida,2
176,yotib,2
2240,yolqinovning,2
183,oftob,2
1279,moskvaga,2
208,qish,2
1276,oxirlariga,2
191,boʻladigan,2
193,tuman,2
194,orasidan,2
1268,ortik,2
169,kunlari,2
1251,ichiga,2
233,yozuv,2
1439,ishlangan,2
1435,koʻksimda,2
1436,jangga,2
253,koʻksida,2
140,lekin,2
141,loqayd,2
1238,nomidan,2
1239,bergan,2
247,bizni,2
236,koʻkragida,2
147,tikanli,2
1243,yoʻk,2
1245,ertaga,2
1247,koʻzini,2
155,kun,2
158,hozircha,2
2252,otuvga,2
1187,paytlarda,2
288,sal,2
197,orqasiga,2
51,ekanini,2
2134,iltimos,2
2114,yotibdi,2
1529,ogʻir,2
1363,bolasi,2
3,ahmad,2
47,koʻchib,2
1369,oʻgʻlining,2
44,yillardan,2
365,ketishdi,2
1177,yer,2
4,ota,2
1371,borligini,2
381,yashash,2
362,buyurdi,2
1373,yoqasini,2
383,qiyin,2
1360,xoʻp,2
37,kiyimlariga,2
2125,holsiz,2
1386,attang,2
2105,soʻradim,2
340,alpozda,2
334,zimdan,2
339,bunday,2
338,qachon,2
1555,uyat,2
1403,yigirma,2
62,egnida,2
2327,xoinning,2
393,qaytgan,2
20,yashagan,2
19,yil,2
2305,janoza,2
1554,bunda,2
1365,vatanparvar,2
54,mumkin,2
1761,tuprogʻiga,1
1698,yuborgan,1
1697,pishirib,1
1445,qarsaklar,1
1760,giyohsiz,1
1382,peshonasiga,1
1753,siltanib,1
1701,nasibasi,1
1699,tansiq,1
1444,tugatdi,1
1441,jangda,1
1438,oʻning,1
1754,borib-kelaveradigan,1
1759,daraxtsiz,1
1700,shirinliklar,1
1755,iyul,1
1756,oyining,1
1443,soʻzini,1
1757,havo,1
1695,tuqqan,1
1442,madadkor,1
1383,shapillatib,1
1696,onasi,1
1692,olganlar,1
1446,yangradi,1
1687,sochiq,1
1452,iljayib,1
1766,tovadek,1
1453,tobda,1
1454,qamoqxonaning,1
1684,tashib,1
1767,kirza,1
1683,ovqat,1
1682,zoʻravonlarimiz,1
1681,qiladilar,1
1455,kurtkasiga,1
1456,yozar,1
1680,or,1
1379,tasdiqlaysizmi?»,1
1768,botinkaning,1
1679,ovqatlangani,1
1686,artishga,1
1688,tutib,1
1762,mis,1
1451,tantanavor,1
1694,qolaveradilar,1
1763,kukuni,1
1764,aralashgan,1
1765,qizdirilgan,1
1693,quruk,1
1437,koʻylagi,1
1381,bermadi,1
1447,olqishlardan,1
1380,soʻrogʻiga,1
1448,mast,1
1691,posilka,1
1449,koʻksini,1
1690,qarindoshlaridan,1
1450,ochgancha,1
1689,turadilar,1
1703,seksotlarni,1
1404,toʻldi,1
1752,old-orqasiga,1
1395,tortdi,1
1412,ketayotganlarni,1
1727,ensasiga,1
1744,qoladigan,1
1726,qoq,1
1414,marosimiga,1
1415,yuzdan,1
1416,komsomol,1
1417,a’zolari,1
1704,stukachlarni,1
1418,toʻplandi,1
1725,pastiga,1
1419,boʻla-jak,1
1394,fotiha,1
1457,ekanman,1
1420,jangchilar,1
1393,yuziga,1
1396,«troyka»,1
1728,belkurakning,1
1397,domlani,1
1398,yil-ga,1
1405,1942,1
1406,yili,1
1407,armiya,1
1408,safiga,1
1409,chaqirildi,1
1410,qishloqlardan,1
1742,oʻzidan-oʻzi,1
1734,chuqurdan,1
1733,ovozini,1
1732,dodlagan,1
1402,sakkiz,1
1731,ketishgan,1
1400,kilgani,1
1730,chuqurga,1
1729,sopi,1
1392,oʻtsin,1
1391,xor-zorlikda,1
1724,miyasining,1
1715,yuborardilar,1
1713,joʻnatmasalar,1
1429,urushga,1
1712,joʻnatardilar,1
1748,qaratib,1
1710,qolishi,1
1431,bugundan,1
1749,qoʻysa,1
1709,ochilib,1
1751,kallasidek,1
1708,aygʻoqchiligi,1
1707,turmasdilar,1
1706,ushlab,1
1432,boshlab,1
1433,familiyam,1
1385,«e-e,1
1714,oʻldirib,1
1716,seksotlardan,1
1421,ni-shondori,1
1387,betiga,1
1422,berildi,1
1390,umring,1
1423,hayot-mamot,1
1424,jangiga,1
1722,balxash,1
1721,sindirishgan,1
1425,ketyapman,1
1426,dushma-nining,1
1747,oldinga,1
1389,juvonmarg,1
1427,asl,1
1719,yozadigan,1
1428,farzandi,1
1388,iloyo,1
1717,vorkuta,1
1750,musichaning,1
1471,qiyshaygan,1
1458,koʻzlarimga,1
1598,shishadan,1
1596,johil,1
1595,badtarin,1
1520,ekanda,1
1594,paytimda,1
1521,qanday,1
1522,azob-uqubatlar,1
1523,dahshatli,1
1593,siblagdalik,1
1592,boshlaydi,1
1524,fojia,1
1591,desangiz,1
1590,beradi,1
1525,kutayotganini,1
1526,sezganda,1
1527,tarzini,1
1589,hayajon,1
1528,oʻzgartirmaydi,1
1588,gapdek,1
1587,rost,1
1530,mehnatdan,1
1586,yuborganini,1
1597,nachalnigimiz,1
1518,ketgandek,1
1585,haydab,1
1599,jahl,1
1611,berardik,1
1610,yuvib,1
1502,yurganda,1
1609,topib,1
1503,yoq-bu,1
1608,tuprokdan,1
1505,ogʻib,1
1607,izlab,1
1507,xiralashgan,1
1509,koʻrinayotganga,1
1605,tushardi,1
1604,sakrab,1
1603,stolga,1
1510,oʻxshayveradi,1
1511,eshitish,1
1601,mushtlaganda,1
1600,stolni,1
1512,qobiliyati,1
1513,kuchli,1
1515,lagerdagi,1
1516,hayoti,1
1531,toliqib,1
1532,toʻrt,1
1613,bildirmay,1
1770,charmidan,1
1571,demaydi,1
1570,aytyapsan,1
1546,insonlikka,1
1547,qaytgandek,1
1548,boʻladilar,1
1549,daxlsiz,1
1568,sarguzashtlari,1
1567,aytayotgan,1
1566,soʻzlab,1
1565,voqealarni,1
1564,boshlaridan,1
1550,vatani,1
1563,erk,1
1551,uyi,1
1552,hovlisi,1
1562,xayollariga,1
1553,tuyuladi,1
1561,ketadi,1
1560,zirillab,1
1558,derazalari,1
1557,aytiladi,1
1572,qiziq,1
1573,bas,1
1584,uyidan,1
1574,professorning,1
1533,qoshiqqina,1
1534,suli,1
1535,boʻtqani,1
1582,ekansan,1
1536,yeb,1
1581,ozgʻin,1
1537,oʻringa,1
1538,orom,1
1539,oladi,1
1580,urganini,1
1540,maxbuslarni,1
1541,barakni,1
1542,qulflab,1
1579,yoʻldan,1
1543,qoʻygandan,1
1544,damgina,1
1578,raqqosasini,1
1545,asil,1
1577,teatrning,1
1576,bolshoy,1
1575,oʻgʻliman,1
1612,tushganda,1
1614,tepgan,1
1459,ishonmay,1
1661,kulgilar,1
1556,latifalar,1
1659,larzaga,1
1658,portlagandek,1
1657,bomba,1
1656,aytganda,1
1655,olganini,1
1654,suvrati-ku»,1
1653,erimning,1
1652,qilmang,1
1472,sobiq,1
1651,ahmoqlik,1
1473,kahramogʻg,1
1474,piogʻgʻer,1
1650,«ikkinchi,1
1649,aktrisadan,1
1475,oʻgʻlini,1
1476,tanidi,1
1477,otasini,1
1648,joʻnatganini,1
1647,xatiga,1
1646,oʻldim-kuydim,1
1660,tushgandi,1
1662,quvnoq,1
1478,tanimadi,1
1663,barham,1
1460,rakam,1
1678,koʻichilik,1
1677,oshxonaga,1
1676,ochirmay,1
1461,yonidagi,1
1674,«mahalliy»,1
1673,zoʻravonlar,1
1672,ichidagi,1
1462,familiyaga,1
1671,turadiganlar,1
1670,yashirincha,1
1463,qaradim,1
1669,boshliqlarga,1
1464,adash-mabman,1
1465,yum-yum,1
1466,yigʻlayotgan,1
1666,asosan,1
1467,kimsanboyniyg,1
1468,yechmay,1
1665,sabab,1
1664,topgandi,1
1645,kinoaktrisaga,1
1479,besh-oʻn,1
1615,ketayotgan,1
1488,xarsanglarini,1
1626,topilmadi,1
1625,qidirshdi,1
1624,kishi,1
1623,ellik,1
1489,vagonchalarga,1
1490,ortadigan,1
1622,kechgacha,1
1491,brigadalarga,1
1621,sezmadi,1
1493,yubo-rishdi,1
1619,toʻkildi,1
1494,«zona»da,1
1618,vagonga,1
1495,qoldirildi,1
1496,chunki,1
1497,ugʻgʻing,1
1499,sinib,1
1617,lentasiga,1
1500,qiyshiq,1
1616,transportyor,1
1501,bitib,1
1627,nachalnik,1
1628,buyurtma,1
1480,karantindan,1
1629,oy,1
1643,yigitning,1
1481,chikdi,1
1482,uchta-toʻrttadan,1
1642,chiroyli,1
1641,jurnalida,1
1640,«ogonyok»,1
1483,baraklarga,1
1639,tugatadi,1
1638,kula-kula,1
1484,joylashtirishdi,1
1485,ochiq,1
1637,hikoyasini,1
1636,gʻirt,1
1635,gʻurur,1
1634,yayraganmiz,1
1633,chiqqandek,1
1632,otpuskaga,1
1486,konda,1
1631,kelguncha,1
1487,portlatilgan,1
1630,ketdiyu,1
1769,tag,1
0,sarob,1
1771,oyoqni,1
2168,shilib,1
2166,koʻksimdagi,1
2165,qotmay,1
2164,jasadim,1
2163,sovumay,1
2162,tanam,1
2161,uzilishi,1
2160,jonim,1
2159,shtokmanga,1
2158,soʻrayman,1
2157,oʻtinib,1
2156,soatlar,1
2155,sanoqli,1
2154,kutulishimga,1
2153,azoblaridan,1
2152,qoldirib,1
2151,olmayapti,1
2150,ayta,1
2149,gapini,1
2148,navbatchi,1
2147,yotdi,1
2146,indamay,1
2145,paytgacha,1
2144,ancha,1
2143,hartugul,1
2142,charchadimi,1
2141,yuvdi,1
2140,qoni,1
2139,gunohini,1
2138,yetkazing,1
2167,terim,1
2169,olsin,1
2204,tilla,1
2172,oʻliklarning,1
2202,muzlab,1
2201,oʻliklar,1
2200,chillasida,1
2199,qoʻyganlar,1
2198,taxlab,1
2197,oʻxshatib,1
2196,sarjinga,1
2195,oʻralgan,1
2194,asirlarni,1
2193,oʻlgan,1
2192,eshitgan,1
2191,qorovul,1
2190,oʻlikxonaga,1
2189,berdim,1
2188,va’da,1
2187,aytaman,1
2186,boʻling,1
2185,xotirjam,1
2184,vasiyat,1
2183,gaplari,1
2182,qilmasin,1
2181,yotgulik,1
2180,qabrda,1
2179,ketmay,1
2178,dunyoga,1
2177,biladi,1
2176,shilishni,1
2175,assistentlik,1
2174,shilishda,1
2137,uzrimni,1
2136,qamoqdan,1
2135,dadam,1
2133,tovushda,1
2096,baragi,1
2095,kasalxona,1
2094,ishdan,1
2093,kechqurun,1
2092,koʻyishmasdi,1
2091,oʻlimi,1
2090,it,1
2089,itga,1
2088,battar,1
2087,navbatchisi,1
2086,sanchibdi,1
2084,koʻksiga,1
2083,oʻtishdi,1
2082,kasalxonaga,1
2081,belangan,1
2080,konga,1
2079,zambilda,1
2078,ozdan,1
2077,izma-iz,1
2076,koʻtargan,1
2075,zambil,1
2073,katorjpik,1
2072,jarrohi,1
2071,kasalxonasining,1
2068,nimadir,1
2067,uchinchi,1
2066,tushlikka,1
2065,kelmadi,1
2064,ertasiga,1
2097,yokdan-bu,1
2098,asabiy,1
2099,borib-kelib,1
2118,koʻyadi,1
2132,past,1
2131,ketasiz,1
2130,tugab,1
2129,muddatingiz,1
2128,yaqinda,1
2127,hamqishloq,1
2126,bemajol,1
2124,ketganidan,1
2123,qon,1
2122,faqat,1
2121,xushi,1
2120,axvolini,1
2119,tepasiga,1
2117,ingrab,1
2101,maxorka,1
2116,ojizgina,1
2115,ora-sira,1
2113,boqib,1
2112,koʻkka,1
2111,soʻrayapti,1
2110,bemor,1
2109,kirgan,1
2108,santimetrcha,1
2107,yuragiga,1
2106,deyish,1
2104,qalay,1
2103,ahvoli,1
2102,sanitardan,1
2203,ogʻizlaridagi,1
2205,tishlarini,1
2062,jirkanib,1
2306,oʻqitsak,1
2303,—dedim,1
2302,olamdan,1
2301,musulmonning,1
2300,tirab,1
2299,kesakisiga,1
2298,chiqqanimda,1
2297,berishdi,1
2296,yigʻlaganini,1
2295,oʻkirib,1
2294,bosolmay,1
2293,oʻpkasini,1
2292,oʻtirganini,1
2291,murdaga,1
2290,oldin,1
2289,tanada,1
2288,oʻlik,1
2287,koʻrinardi,1
2286,oʻxshab,1
2285,tirikka,1
2284,ediki,1
2283,«dohiy»ning,1
2282,sanchilgan,1
2281,pastrogʻiga,1
2280,koʻzidan,1
2279,qilishayotgan,1
2278,tomosha,1
2277,ochib,1
2276,choyshabni,1
2275,ustidagi,1
2304,shunga,1
2307,boʻlarmidi,1
2206,olgʻirlar,1
2308,indamadi,1
2338,umri,1
2337,jirkanch,1
2336,ichimizdan,1
2335,sherik,1
2334,goʻriga,1
2333,sigʻadigan,1
2332,arang,1
2331,murda,1
2330,atigi,1
2329,yopishib,1
2328,badaniga,1
2326,qoʻydilar,1
2325,yotqizib,1
2324,ustozi,1
2323,mavzoleyga,1
2322,tiqib,1
2321,poxol,1
2320,koʻmilmadi,1
2319,jasadi,1
2318,«dohiy»,1
2317,gandiraklab-gandiraklab,1
2316,dediyu,1
2315,koʻmiladi,1
2314,bekafan,1
2313,bejanoza,1
2312,kofirning,1
2311,lozim,1
2310,soʻng,1
2309,sukutdan,1
2274,boʻldim,1
2273,koʻrmoqchi,1
2272,murdani,1
2271,kirib,1
2236,jarrox,1
2235,oldidan,1
2234,qoplashar,1
2233,barabanlarga,1
2232,yorilgan,1
2231,ba’zan,1
2230,yasashardi,1
2229,qayishlar,1
2228,hamyonchalar,1
2227,soladigan,1
2226,tanga-chaqa,1
2225,sumkachalar,1
2224,xonimlarga,1
2223,tannoz,1
2222,terilardan,1
2221,oson,1
2220,shilish,1
2219,yumshab,1
2218,badani,1
2217,murdalarning,1
2216,erib,1
2215,muz,1
2214,kirganlarida,1
2213,issiqxonaga,1
2211,oʻliklarni,1
2210,yara-chaqasi,1
2209,qoʻriqlashardi,1
2208,ketmasin,1
2207,qoqib,1
2237,shtokmanning,1
2238,xonasiga,1
2239,kirdim,1
2257,katorgaga,1
2270,aytdi,1
2269,berganini,1
2268,joi,1
2267,sahar,1
2266,borganimda,1
2265,xonasidan,1
2264,meni,1
2263,qildiyu,1
2262,kisqa,1
2261,istamayman,1
2260,etilishni,1
2259,kechirasiz,1
2258,almashtirishdi,1
2256,yillik,1
2241,vasiyatini,1
2255,hukmini,1
2254,otuv,1
2253,qilishgandi,1
2251,qoʻyib,1
2250,boʻynimga,1
2249,zoʻrlab,1
2248,ishimni,1
2247,qilmagan,1
2246,qilmaganman,1
2245,umrimda,1
2244,keltirmang,1
2243,xayolingizga,1
2242,chayqadi,1
2063,ketdim,1
2061,updan,1
1772,kuydirardi,1
1880,dardlashmas,1
1878,pishib,1
1877,chiyrigʻidan,1
1875,xayotining,1
1874,qamoqda,1
1873,uzok,1
1872,kuniyoq,1
1871,xabar,1
1870,toʻgʻrisidagi,1
1869,ekani,1
1868,koʻpchiligi,1
1867,yangilarning,1
1866,biladilar,1
1865,aniq,1
1864,bor-yoʻqligini,1
1863,seksotlar,1
1862,ayblanayotganlari,1
1861,modda,1
1860,yotgani,1
1859,kimlar,1
1858,turmasida,1
1857,shaxar,1
1856,boradi,1
1855,lagerlarga,1
1854,xamma,1
1853,qolmay,1
1852,kunga,1
1851,bergani,1
1850,yuz,1
1849,voqea,1
1879,shuning,1
1881,yogʻiga,1
1918,tanib,1
1882,oʻzi,1
1914,asta,1
1913,qoʻydida,1
1912,burilar,1
1911,orkasiga,1
1910,rahmat,1
1909,uzatib,1
1908,tunuka,1
1907,oling,1
1906,mayli,1
1905,demang,1
1904,qilasiz,1
1903,bersangiz,1
1901,kolgan,1
1900,ortib,1
1899,birodar,1
1898,likillatib,1
1896,turganimda,1
1895,ketmoqchi,1
1894,barakka,1
1893,tugadi,1
1378,rostmi,1
1891,ertalabki,1
1889,boʻshab,1
1888,kishilik,1
1887,ketgandan,1
1886,xaydab,1
1885,konvoylar,1
1884,yuraverardi,1
1883,qovrilib,1
1848,qandok,1
1846,ishlaydi,1
1845,anik,1
1844,«telegrafi»,1
1805,yelkasiga,1
1803,yuribsizmi,1
1802,qarigandek,1
1801,besh-olti,1
1800,tutdi,1
1799,yelkasini,1
1798,tizzaladi-da,1
1797,oʻgirib,1
1795,yuborishardi,1
1794,chiqarishmas,1
1793,darvozadan,1
1792,oʻchgan,1
1791,kiyimida,1
1790,koʻpayardi,1
1789,ketgandi,1
1788,oʻchib,1
1787,raqamlari,1
1786,kurtkasi,1
1785,koʻpchilikning,1
1784,quritishardi,1
1782,qizigan,1
1781,toshlarga,1
1780,kurtkalarini,1
1779,shalabbo,1
1777,saqlashardi,1
1776,jon,1
1775,tomonlarida,1
1774,soya,1
1773,baraklarning,1
1806,yozarkanman,1
1807,xudoga,1
1808,shukur,1
1828,unchalik,1
1843,qamoqxonalarning,1
1842,koʻrinadi,1
1841,degandek,1
1840,ichadi,1
1839,puflab,1
1838,qatiqni,1
1835,ichib,1
1834,sut,1
1833,yuribman,1
1832,oqlab,1
1831,nonini,1
1830,emasman,1
1829,qari,1
1827,oʻtdiyov,1
1809,oʻlmagan,1
1826,xayol,1
1825,emasmikan,1
1823,deyapti,1
1822,koʻnglidan,1
1821,sergaklandi,1
1820,chiqarmasalar,1
1817,yoʻq-da,1
1816,insof,1
1815,kattalarda,1
1813,yoshingiz,1
1812,deyman,1
1811,yashayverarkan,1
1810,qul,1
1915,keta,1
1921,ketibdi,1
2060,rahmim,1
2023,xoʻjayiningizga,1
2021,koʻrsatishmoqchi,1
2020,ming-minglab,1
2019,koʻksingizdagi,1
2018,ishqalamoqchilar,1
2017,koʻringuncha,1
2016,benzin,1
2015,solyarka,1
2014,kerosin,1
2013,yechintirib,1
2012,yakshanba,1
2011,allaqachon,1
2010,zeklar,1
2009,koʻksingizda,1
2008,bopga,1
2007,tashladim,1
2006,nazar,1
2005,tashqari,1
2004,yopishmaydi,1
2003,boʻyoq,1
2002,badanga,1
2001,terlagan,1
2000,issigʻida,1
1999,saraton,1
1998,foydasi,1
1997,qilishning,1
1996,chaplash,1
1995,suratini,1
1994,bilaman,1
1993,kerakligini,1
2022,maslahat,1
2025,vaqtincha,1
1922,navqiron,1
2026,qamab,1
2059,yura,1
2058,tusmollab,1
2057,odamday,1
2056,koʻr,1
2055,turdi,1
2054,yiqildi,1
2053,gandiraklay,1
2052,koʻrolmay,1
2051,yoʻlni,1
2050,silkinaverganidan,1
2049,yon,1
2047,mashakkat,1
2046,oʻxntardi,1
2045,tutayotganga,1
2044,tutqanoq,1
2043,kelaverdi,1
2042,muttasil,1
2041,oʻngdan,1
2040,chapdan,1
2039,kallasi,1
2037,boʻlganimiz,1
2036,qishloqdan,1
2035,harholda,1
2032,toʻgʻri,1
2031,ogohlantirib,1
2030,xoinni,1
2029,yuborsin,1
2028,joʻnatib,1
2027,qoʻysin,1
1992,koʻrsatganingizda,1
1991,minbarda,1
1990,stalttn,1
1988,kiraman»,1
1954,qarang,1
1953,ot,1
1951,otangiz,1
1949,oʻziga,1
1948,kimligini,1
1947,kunlarning,1
1945,yechmasdi,1
1944,bijgʻib,1
1943,kurtkasini,1
1942,kadalgan,1
1941,tugmalari,1
1940,tomogʻigacha,1
1939,hamon,1
1938,karamay,1
1937,boʻlishiga,1
1936,chidab,1
1935,kunlar,1
1934,bolaligidagidek,1
1933,oʻsha-oʻsha,1
1932,ovozi,1
1931,yalangʻochlanib,1
1930,toʻkilib,1
1929,sochlari,1
1928,chukurlashgan,1
1927,kosalari,1
1926,qoplabdi,1
1925,ajin,1
1924,yuzlarini,1
1923,yoshida,1
1955,kimligingizni,1
1956,oʻzingiz,1
1957,bilmaysiz,1
1974,ayon,1
1987,«men,1
1986,komsomollariga,1
1985,qishloq,1
1984,marosimida,1
1983,olimjonovsiz,1
1982,mukofotlangan,1
1981,sotganingiz,1
1980,gpuga,1
1979,otangizni,1
1978,izdoshisiz,1
1977,sadoqatli,1
1976,morozovning,1
1975,siz,1
1973,chizigʻidek,1
1958,olazarak,1
1972,kaftimning,1
1971,kimligingiz,1
1970,bolasimiz,1
1969,qishloqning,1
1968,ikkovimiz,1
1967,bosiqlik,1
1966,qoling,1
1965,yashirmay,1
1964,kuchsizlik,1
1963,boʻlgandi,1
1962,turmoqchi,1
1960,tira-lib,1
1959,koʻliga,1
1892,xizmatim,1
1170,«chor,1
1376,«shu,1
732,devo-nini,1
530,boʻlish»,1
528,stalinga,1
527,otamiz,1
526,mehribon,1
524,dohiysi,1
523,«xalqlar,1
521,xizmat,1
519,jonajon,1
518,aziz,1
517,katta,1
516,tezroq,1
515,bolaligim,1
514,tizginsiz,1
513,sak-raydigan,1
512,osmonga,1
511,ursa,1
509,shoʻx,1
508,beozor,1
507,olisda,1
506,yechilgan,1
505,jumboq,1
504,u»,1
503,«kim,1
502,ketmayotgan,1
501,xayolimdan,1
500,ertalabdan,1
495,ushladim,1
531,orzusi,1
532,yurak-yuraklarimizda,1
533,joʻsh,1
554,istirohat,1
570,oʻtishni,1
569,salyut,1
567,kahramon,1
564,suvrat,1
562,joylarga,1
561,tashlanadigan,1
560,koʻzga,1
559,qarashda,1
558,chizilgan,1
557,boʻyi,1
556,yoshlar,1
555,bogʻlarida,1
553,uylarida,1
534,urgan,1
551,maktablarda,1
550,tushmasdi,1
549,gazetalardan,1
547,yillarda,1
546,uttizinchi,1
545,qahramonimiz,1
543,bolalardan,1
539,yalt,1
538,chaqmoqdek,1
537,oʻngimdan,1
536,yoshligimiz,1
535,qaynoq,1
494,yoqamni,1
493,hayratdan,1
492,qaradimu,1
420,tayyor,1
434,qutisicha,1
433,sovun,1
432,pasti,1
431,yelkasidan,1
430,kurtkalarning,1
429,yuqorisi,1
428,tizzasidan,1
426,shimlarning,1
425,kiyimlar,1
424,beriladigan,1
423,kelganlarga,1
422,qoʻyishimni,1
418,ovqatgacha,1
441,oq,1
417,kechki,1
416,to,1
415,shularga,1
414,keldi-da,1
413,kiyim,1
412,qop,1
410,ustaxonamga,1
408,tushlikdan,1
407,qoʻyish,1
404,koʻrinarli,1
402,ettirish,1
401,aks,1
437,qaychida,1
442,latta,1
491,yozmoqchi,1
466,sovuqda,1
490,kurtkaga,1
487,qayd,1
486,ism-familiyasi,1
485,mahbusning,1
483,kirishdim,1
482,yozishga,1
478,erigandan,1
477,qoʻydim,1
473,kurakchada,1
472,choʻgʻini,1
471,toshkoʻmir,1
470,novvoyxonadan,1
465,yoziladi,1
443,tikib,1
464,lak»,1
463,«kuzbas,1
460,oʻchmaydigan,1
459,qor-yomgʻirda,1
457,yozishim,1
455,lattalarga,1
454,oladilar,1
452,kiyimidagi,1
451,qidiruvchilar,1
450,ketsa,1
449,qochib,1
447,lattani,1
571,unutma!»,1
572,butun,1
573,oʻzbekiston,1
676,abdulqodir,1
689,kirishib,1
688,chaqishga,1
686,gʻazallarining,1
685,toʻla,1
684,sehrga,1
683,sirru,1
682,bedilning,1
681,koʻplaishb,1
680,boshlanardi,1
679,bedilxonlik,1
678,taqalardi,1
677,bedilga,1
675,shoir,1
692,olim,1
673,barloslaridan,1
672,shahrisabz,1
671,ota-bobolari,1
670,oʻz-oʻzidan,1
669,suxbat,1
668,qolardilar,1
666,bilagʻonligiga,1
665,bilimiga,1
664,yigʻilganlar,1
661,mutafakkirlari,1
659,tarixda,1
658,ziyolilar,1
690,ketardilar,1
693,talqinlari,1
655,koʻpincha,1
716,gapirib,1
730,narigi,1
729,bilmoqchi,1
728,fikringizni,1
727,sizning,1
726,toʻgʻrida,1
725,berolmadilar,1
723,tayinli,1
722,soʻraganimda,1
721,bilimdonlardan,1
720,chaqolmadim,1
719,sira,1
718,gʻazali,1
715,aytilishini,1
694,hammani,1
714,qoʻshiq,1
713,hofizlari,1
712,gʻazallari,1
710,darajasida,1
707,oʻzbeklar,1
704,mehmonlardan,1
703,qadaldi,1
700,aylanib,1
698,suhbatlarning,1
697,oʻshanday,1
696,qoldirardi,1
695,lol,1
657,keksa,1
653,mutolaa,1
576,ibrat,1
596,jami,1
614,kitoblar,1
612,tokchalarga,1
611,uydagi,1
609,alohida,1
607,uyida,1
606,soʻrab,1
605,bilmaganlarini,1
603,tarixi,1
602,turkiston,1
599,atardilar,1
598,ustoz,1
597,oʻqituvchilari,1
595,rayondagi,1
617,birovlarga,1
594,odamni,1
593,6u,1
592,bilimdoni,1
590,mudiri,1
589,boʻlimining,1
588,maorif,1
586,raxmonov,1
582,takrorlashga,1
581,jasoratini,1
580,vatanparvarlik,1
578,ado,1
577,olishga,1
616,kitoblarni,1
618,bermasdi,1
650,yorugʻida,1
634,al-beruniy,1
649,lampa,1
648,kechalari,1
647,asrardi,1
646,qorachigʻidek,1
645,qoʻlyozmalarini,1
644,koʻchirilgan,1
642,xattotlar,1
641,asrlarda,1
639,allomalarning,1
638,kabi,1
636,ahror,1
635,xoja,1
633,kubro,1
619,zarur,1
632,najmid-din,1
631,yazdiy,1
630,ali,1
629,sharafiddin,1
628,forobiy,1
627,nargaaxiy,1
626,bobur,1
624,temur,1
623,amir,1
622,berardi,1
621,ruxsat,1
620,oʻqishgagina,1
400,plakatlarda,1
399,katta-katta,1
398,chiqarganini,1
131,shunda,1
157,saqlaydilar,1
156,karantinda,1
154,necha,1
152,yangilarni,1
150,toʻsilgan,1
146,oldi,1
144,koʻrganman,1
143,qaerda,1
139,gʻamgin,1
137,tuyuldi,1
133,bittasi,1
132,mahbuslardan,1
130,boshladilar,1
162,ovqatni,1
129,oʻtkaza,1
128,tekshirib,1
126,shimlaridagi,1
125,kurtkalaridagi,1
123,unniqib,1
122,rangi,1
119,bitta-bittalab,1
118,nazoratchilari,1
116,soldatlar,1
115,qattiq,1
114,beti,1
111,qiyqirtirib,1
161,qoʻshmaydilar,1
164,paqirda,1
109,aksincha,1
187,kishilar,1
205,charaqlab,1
204,oftobi,1
203,bahor,1
202,bizda,1
201,koʻrinadigan,1
200,xira,1
199,shamdek,1
198,yoqilgan,1
196,doka,1
190,yoz,1
189,oygina,1
188,bir-ikki,1
186,siniqqan,1
165,oborib,1
185,ranglari,1
184,koʻrmay,1
182,oylab,1
181,shimol,1
179,toblardilar,1
178,oftobga,1
177,badanlarini,1
175,chalqancha,1
174,maydonchada,1
173,oldidagi,1
168,iliq-issiq,1
167,bahorning,1
110,birovlarnikini,1
108,beradigan,1
209,boʻronlari,1
25,oʻgitlaridan,1
48,yurgan,1
46,lagerdan-lagerga,1
42,qaraganda,1
41,raqamlarga,1
40,tizzalaridagi,1
38,slka,1
36,egnilaridagi,1
35,boʻlmasdi,1
32,koʻrinishidan,1
31,kelishdi,1
27,lagerimizga,1
26,bugun,1
24,boboning,1
52,darrov,1
23,amin,1
22,usto,1
21,temirchi,1
18,100,1
17,buxorolik,1
16,tegadi,1
15,nishonga,1
10,oxiratda,1
7,oʻq,1
6,misoli,1
5,qargishi,1
2,said,1
49,daydi,1
53,payqash,1
104,nainki,1
77,taqsimlab,1
101,qirriq,1
98,jamiki,1
97,sssrning,1
96,yillab,1
94,oʻn-oʻn,1
91,yoqmadi,1
90,zoʻravonlarimizga,1
88,etapda,1
87,galgi,1
85,koʻrardik,1
84,blatnoylarning,1
80,biron,1
76,oʻzaro,1
56,odatda,1
75,bilanoq,1
74,koʻrishlari,1
72,egnidagi,1
70,blatnoy-zoʻravonlari,1
69,lagerimizning,1
67,gimnastyorka,1
65,kostyum,1
64,toʻkilmagan,1
63,ohori,1
61,botinka,1
60,etik,1
59,oyogʻida,1
207,kezlarda,1
210,uvillab,1
397,qazib,1
327,yonib,1
347,tomardi,1
346,soqollariga,1
344,oqqan,1
343,koʻzlaridan,1
342,yigʻlardi,1
341,koʻrmagandim,1
337,tashlayman,1
332,bilinib,1
331,shundoqqina,1
330,ketayotgani,1
329,oʻrtanib,1
328,kuyib,1
325,yotganlarga,1
349,kiprik,1
324,boshqacha,1
323,holati,1
322,hozirgi,1
320,birdek,1
318,yomonlikka,1
317,yaxshilikka,1
316,atardi,1
315,domla»,1
314,«indamas,1
313,orqavorotdan,1
310,aytardi,1
309,dardini,1
348,qimirlamas,1
350,qoqqanda,1
304,gʻalati,1
375,rassom,1
394,brigadalarning,1
392,ishlab,1
391,konida,1
390,jez,1
387,vazifam,1
386,asqotdi,1
385,joylarda,1
382,ishlash,1
380,oʻqiganim,1
379,maktabida,1
378,rassomlik,1
377,vaqtlar,1
371,egganicha,1
351,mijjalarida,1
369,artib,1
368,kaftiga,1
367,koʻzlarini,1
366,yoshli,1
364,nari,1
363,maxbuslar,1
361,ketinglar,1
360,tomoshabin,1
359,beriyogʻida,1
358,toʻsiqning,1
355,toʻkilardi,1
354,duv,1
307,sirlashmasdi,1
301,ma’yus,1
211,joylardan,1
238,ayol,1
254,ayollarning,1
252,koʻpchiligining,1
251,deyarli,1
249,qildi»,1
248,xarob,1
246,shular,1
245,«mana,1
244,tagida,1
243,tasvirlangan,1
242,aroq,1
240,rasmi,1
239,kishining,1
237,karta,1
257,manzara,1
235,boshqasining,1
231,unutmayman»,1
230,onamni,1
229,«tuqqan,1
227,suvratlar,1
226,sharmsiz,1
219,yotganlarning,1
218,afzal,1
217,kurortlardan,1
215,eng,1
214,jezqozgʻon,1
212,kelishgan,1
255,holatdagi,1
258,qamoqxonadagi,1
298,oʻtkazayotgan,1
277,oʻzidan,1
297,lagerlarda,1
296,ortigʻini,1
293,umrining,1
292,oshgan,1
291,yetmishlardan,1
290,yoshi,1
289,narida,1
286,yoʻlatmaydi,1
283,nazoratchilar,1
280,imkoni,1
279,buning,1
278,soʻrasammikan,1
275,koʻrinyapti,1
259,«rassom»larning,1
274,issiq,1
273,koʻzimga,1
271,yotardi,1
269,kiyim-boshi,1
267,negadir,1
266,maxbus,1
265,tuyulgan,1
264,oʻxshardi,1
263,koʻrgazmaga,1
262,qilinayotgan,1
261,namoyish,1
260,asarlari,1
731,xonadan,1
733,chiqdi,1
1375,tergovchining,1
734,koʻzoynak,1
1178,dengizining,1
1176,oʻrta,1
1175,bobosi,1
1174,xabash,1
1173,pushkinning,1
1172,yozganda,1
1171,devon»ni,1
1,hikoya,1
1169,«xamsa»ni,1
1168,alisher,1
1167,she’rlarini,1
1166,soluvchi,1
1165,asoratga,1
1164,xalqni,1
1163,maqtashdi,1
1162,koʻklarga,1
1161,shoirni,1
1160,dindor,1
1159,reaktsion,1
1158,axmad,1
1157,mexmonlar,1
1156,uyimizga,1
1155,afyundir»,1
1154,«din,1
1153,marks,1
1152,karl,1
1151,bobokalon,1
1179,janubiy,1
1180,qirgʻoqlarida,1
1181,chigʻanoq,1
1199,turibman,1
1216,yorgan,1
1215,pixini,1
1213,qolishmaydi,1
1210,aytishadi,1
1209,boʻlishsa,1
1208,aytmagan,1
1207,tirrancha,1
1206,yozavermaysanmi,1
1205,jahli,1
1204,mansurovning,1
1202,yozaman,1
1201,yolgʻonni,1
1196,yozgin,1
1182,yurardi,1
1195,aytishdi,1
1194,yurishardi,1
1193,kiyib,1
1192,kovush,1
1191,chipta,1
1190,malayi,1
1189,xoxollarning,1
1188,oʻrislar,1
1186,barpo,1
1185,rasadxona,1
1184,samarqandda,1
1183,ulugʻbek,1
1150,oʻrgan,1
1149,berishni,1
1148,tus,1
1088,xatti-harakatlarini,1
1105,boʻldingmi,1
1104,jazolanaman»,1
1103,moddasi,1
1102,tegishli,1
1101,kodeksining,1
1100,jinoyat,1
1099,aytsam,1
1096,xaqida,1
1094,gaplashganini,1
1093,nimalar,1
1092,mehmonlar,1
1089,kuzatishga,1
1087,rahmonovning,1
1109,tilxat,1
1085,aytmayman,1
1084,suhbatimizni,1
1082,m,1
1078,menkim,1
1077,«tilxat,1
1076,shundoq,1
1075,qogʻozga,1
1073,oʻqi,1
1072,avval,1
1071,ber,1
1067,uzatdi,1
1065,varaq,1
1108,oʻtirmay,1
1110,ostiga,1
1147,siyosiy,1
1130,boʻlasan,1
1146,faktlarga,1
1144,yozdirardi,1
1142,koʻrgach,1
1141,kelar,1
1140,maktabga,1
1139,bildingmi,1
1138,mukofotlaydi,1
1137,soat,1
1134,uddalasang,1
1133,aytganlarimni,1
1132,kelishimda,1
1131,yanagi,1
1129,halok,1
1112,tilingga,1
1128,morozovdek,1
1127,bildirsang,1
1126,otangga,1
1125,aytsang,1
1124,ketaman,1
1123,yerdan,1
1122,oʻzim,1
1120,haftaning,1
1118,xatlarni,1
1116,haqida,1
1115,otang,1
1113,ehtiyot,1
1218,yovlarimiz,1
1219,mobaynida,1
1220,jonini,1
1321,ekanlar,1
1335,«buni,1
1333,bildilar,1
1332,gapligini,1
1331,oʻqiganlaridan,1
1330,makrlani,1
1329,quzgʻunlar»,1
1328,kurgan,1
1327,uya,1
1326,«maorifga,1
1324,gazetada,1
1323,hayron,1
1322,dsb,1
1320,gunoh,1
1337,tuppa-tuzuk,1
1319,qamoqqa,1
1318,oʻqituvchi,1
1317,dadasi,1
1316,kelganda,1
1312,hoʻngrab,1
1311,tutolmay,1
1310,oʻzini,1
1307,sta-lin»ga,1
1306,xalqlar,1
1304,«bukj,1
1303,chalayotganlar,1
1302,qarsak,1
1336,karanglar-a,1
1338,odamning,1
1300,olar,1
1355,bunaqalardan,1
1374,ushladi,1
1372,yuzma-yuz,1
1368,ishlarda,1
1367,yuzlashtirdilar,1
1366,tergovga,1
1364,chin,1
1362,sotqin,1
1361,qiziq-da,1
1359,deydiganlar,1
1358,mumkin»,1
1357,boʻlishi,1
1356,oramizda,1
1354,boʻlish,1
1339,olasi,1
1353,hushyor,1
1352,chikadi,1
1351,qirq,1
1350,qiyigʻi,1
1349,ishning,1
1348,«qingʻir,1
1347,deydi,1
1346,ayyor,1
1345,«puxta,1
1344,desa,1
1342,bejiz,1
1341,deganlari,1
1301,prezidiumda,1
1299,orden,1
1221,jabborga,1
1237,gpuning,1
1255,minnatdorchilik,1
1254,mansurovga,1
1253,olmay,1
1252,sigʻdira,1
1250,yuraman,1
1249,taqpb,1
1248,oʻynatib,1
1246,bolalarning,1
1244,shod,1
1242,koʻydi,1
1241,bilagiga,1
1240,soatini,1
1236,kutyapti,1
1257,xayrlashdi,1
1235,mukofotlar,1
1233,eh-he,1
1232,ol,1
1231,ma,1
1229,soati,1
1228,shunaqa,1
1227,mana,1
1226,balli,1
1225,ha,1
1224,yozdi,1
1223,aytgandek,1
1222,qaytadan,1
1256,bildirib,1
1258,ketar,1
1298,koʻlidan,1
1278,katnashish,1
1297,kalinin,1
1296,oqsoqoli,1
1295,ittifoq,1
1293,oʻlar,1
1292,mukofotlandi,1
1288,nafar,1
1286,qatnashchilaridan,1
1285,slyot,1
1283,«morozovchi»lardan,1
1282,oʻxshagan,1
1281,kimsanboyga,1
1280,ketdi.oʻzbekistondan,1
1277,pionerlari,1
1259,chogʻida,1
1275,oyning,1
1274,velosiped,1
1272,tashkiloti»,1
1271,orada,1
1270,etdi,1
1269,davom,1
1267,oydan,1
1265,yozishlar,1
1263,eslatib,1
1262,olding-a?»,1
1261,yozishni,1
1260,«qanaqa,1
1062,saqlaysan,1
1061,sir,1
1060,suhbatlarimizni,1
838,xotinining,1
852,koʻyaman»,1
850,qoʻyaman,1
849,kimsanoy,1
848,otingni,1
846,qiz,1
845,«agar,1
844,kulardi,1
843,qizmisan?»,1
842,oʻgʻilmisan,1
841,«kimsan,1
840,qorniga,1
839,doʻppayib,1
837,oy-kuni,1
854,shirin,1
836,gal,1
835,etaverdilar,1
834,vafot,1
833,toʻlar-toʻlmas,1
831,turmadi,1
830,koʻrgan,1
829,egizaklardan,1
828,qizlari,1
827,egizak,1
825,boʻyiga,1
823,taxsinlar,1
822,qolishdi,1
853,derdi,1
855,entikib,1
819,zindondan,1
875,inqilob»,1
895,slyotlarga,1
894,yigʻinlarga,1
892,oʻtadigan,1
891,miqyosida,1
886,ajib,1
885,she’rlarni,1
882,pionerlardan,1
880,maktabda,1
879,turadi,1
878,bosilib,1
877,bot-bot,1
876,gazetalarida,1
874,«madaniy,1
856,xayriyat,1
873,oʻqituvchi»,1
872,«maorif,1
871,maqolalari,1
869,nimalarnidir,1
867,ovora,1
866,titish,1
865,oʻkiydi,1
864,sinfda,1
863,beshinchi,1
862,kirdi,1
858,oti,1
857,tugʻildi,1
821,bilimdonligiga,1
818,demak,1
897,konferentsiyalariga,1
754,shuncha,1
775,qaradi,1
774,mehmonlarga,1
772,oʻyladi,1
770,ortsa,1
769,yukini,1
768,gʻam,1
767,darhaqiqat,1
766,oʻylanib,1
765,tushunmadim,1
762,boʻladi»,1
759,tashlangan,1
758,zindonga,1
753,«gʻamlarim,1
777,sirning,1
750,doʻstidan,1
749,soʻradi,1
748,tushunmadingiz,1
747,qaysi,1
745,oʻkidi,1
743,ikki-uch,1
742,solib,1
741,chiroqqa,1
739,gʻazalni,1
738,oʻtmagan,1
737,tishi,1
736,doʻstining,1
776,bundoq,1
778,ma’nisiga,1
817,oʻtishi,1
796,soʻrabdilar,1
816,bemalol,1
815,qoladi»,1
812,koʻtarolmay,1
811,shunchalik,1
810,gʻamlarim,1
809,«mening,1
808,ya’ni,1
807,olgan,1
806,asos,1
805,rivoyatni,1
801,utgandagina,1
797,allox,1
793,zindonda,1
779,yetish,1
792,tangrim,1
791,ey,1
790,allohdan,1
788,rivoyatda,1
787,bilmoq,1
786,qoʻshiqlarni,1
785,matallarni,1
784,maqolu,1
783,rivoyatlarni,1
782,davrdagi,1
781,murojaat,1
780,davrga,1
896,oʻqituvchilarning,1
899,she’rlar,1
1059,keyingi,1
1003,harakati,1
1016,ishlarni,1
1014,biz,1
1013,burching,1
1012,muqaddas,1
1011,sening,1
1010,qoʻshilishing,1
1009,harakatga,1
1008,qilmokdalar,1
1007,dushmanlarni,1
1006,ichki,1
1005,vatanparvarlar,1
1004,boshlanib,1
1002,morozovchilik,1
1020,pionerlarining,1
999,jumhuriyatining,1
998,shoʻrolar,1
997,hozir,1
996,etadi,1
994,sirini,1
993,dushmanning,1
992,niyat,1
991,tashlashni,1
990,agʻdarib,1
989,tuzumini,1
988,shoʻro,1
987,dushmani,1
1017,bajarsang,1
1021,«artek»,1
985,bagʻishlagan,1
1043,jahon,1
1057,berasan,1
1055,aytmaslikka,1
1054,suhbatni,1
1053,oʻrtamizda,1
1052,avvalo,1
1051,qilishim,1
1049,shoshib,1
1048,bormi!..»,1
1047,bersa,1
1046,koʻtarilib,1
1045,shohsupaga,1
1044,dam,1
1042,sohilidagi,1
1023,lageriga,1
1041,dengiz,1
1040,koʻrish,1
1039,dohiyni,1
1037,moskvani,1
1036,poytaxtimiz,1
1035,«mukaddas,1
1034,yashnab,1
1032,koʻrasan,1
1029,ustozimiz,1
1027,qatnashasan,1
1025,pionerlarning,1
1024,yuboramiz,1
986,zamondoshimiz,1
984,hayotini,1
900,oʻqitishadi,1
918,qalam,1
935,oʻtirardi,1
933,kabinetida,1
932,direktorning,1
931,chaqirtirdi,1
930,idora-ga,1
928,dars,1
927,direktori,1
926,maktab,1
923,ovoz,1
922,baland,1
921,harakatlar,1
919,qitirlatadi,1
916,nasihat,1
938,gaplashgani,1
914,darsdan,1
912,jamoat,1
911,tayyorla,1
910,darsingni,1
909,yaxshisi,1
908,boʻlmoqchimisan,1
907,artist,1
906,ketma,1
905,berilib,1
904,ishlarga,1
903,havoyi,1
901,bolam,1
936,oʻrtoq,1
941,qoldiraman,1
983,ishiga,1
962,ikkinchi,1
982,lenin-stalin,1
981,oʻldirishgan,1
980,vahshiylarcha,1
977,morozovni,1
975,durust,1
974,oʻrischani,1
973,morozov,1
971,qaxramon,1
969,suvratga,1
967,chiq,1
964,maqolani,1
963,sahifadagi,1
961,gazetasi,1
942,gaplashib,1
960,pravda»,1
959,«pionerskaya,1
958,chiqadigan,1
955,oldiga,1
954,gazeta,1
952,oʻtirdi,1
950,birpas,1
949,bilmay,1
948,boshlashni,1
947,nimadan,1
944,direktor,1
943,olinglar,1
2339,yakun,1
